Date,Close
2020-05-26T13:30:00.0,181.57000732421875
2020-05-27T13:30:00.0,181.80999755859375
2020-05-28T13:30:00.0,181.39999389648438
2020-05-29T13:30:00.0,183.25
2020-06-01T13:30:00.0,182.8300018310547
2020-06-02T13:30:00.0,184.91000366210938
2020-06-03T13:30:00.0,185.36000061035156
2020-06-04T13:30:00.0,182.9199981689453
2020-06-05T13:30:00.0,187.1999969482422
2020-06-08T13:30:00.0,188.36000061035156
2020-06-09T13:30:00.0,189.8000030517578
2020-06-10T13:30:00.0,196.83999633789062
2020-06-11T13:30:00.0,186.27000427246094
2020-06-12T13:30:00.0,187.74000549316406
2020-06-15T13:30:00.0,188.94000244140625
2020-06-16T13:30:00.0,193.57000732421875
2020-06-17T13:30:00.0,194.24000549316406
2020-06-18T13:30:00.0,196.32000732421875
2020-06-19T13:30:00.0,195.14999389648438
2020-06-22T13:30:00.0,200.57000732421875
2020-06-23T13:30:00.0,201.91000366210938
2020-06-24T13:30:00.0,197.83999633789062
2020-06-25T13:30:00.0,200.33999633789062
2020-06-26T13:30:00.0,196.3300018310547
2020-06-29T13:30:00.0,198.44000244140625
2020-06-30T13:30:00.0,203.50999450683594
2020-07-01T13:30:00.0,204.6999969482422
2020-07-02T13:30:00.0,206.25999450683594
2020-07-06T13:30:00.0,210.6999969482422
2020-07-07T13:30:00.0,208.25
2020-07-08T13:30:00.0,212.8300018310547
2020-07-09T13:30:00.0,214.32000732421875
2020-07-10T13:30:00.0,213.6699981689453
2020-07-13T13:30:00.0,207.07000732421875
2020-07-14T13:30:00.0,208.35000610351562
2020-07-15T13:30:00.0,208.0399932861328
2020-07-16T13:30:00.0,203.9199981689453
2020-07-17T13:30:00.0,202.8800048828125
2020-07-20T13:30:00.0,211.60000610351562
2020-07-21T13:30:00.0,208.75
2020-07-22T13:30:00.0,211.75
2020-07-23T13:30:00.0,202.5399932861328
2020-07-24T13:30:00.0,201.3000030517578
2020-07-27T13:30:00.0,203.85000610351562
2020-07-28T13:30:00.0,202.02000427246094
2020-07-29T13:30:00.0,204.05999755859375
2020-07-30T13:30:00.0,203.89999389648438
2020-07-31T13:30:00.0,205.00999450683594
2020-08-03T13:30:00.0,216.5399932861328
2020-08-04T13:30:00.0,213.2899932861328
2020-08-05T13:30:00.0,212.94000244140625
2020-08-06T13:30:00.0,216.35000610351562
2020-08-07T13:30:00.0,212.47999572753906
2020-08-10T13:30:00.0,208.25
2020-08-11T13:30:00.0,203.3800048828125
2020-08-12T13:30:00.0,209.19000244140625
2020-08-13T13:30:00.0,208.6999969482422
2020-08-14T13:30:00.0,208.89999389648438
2020-08-17T13:30:00.0,210.27999877929688
2020-08-18T13:30:00.0,211.49000549316406
2020-08-19T13:30:00.0,209.6999969482422
2020-08-20T13:30:00.0,214.5800018310547
2020-08-21T13:30:00.0,213.02000427246094
2020-08-24T13:30:00.0,213.69000244140625
2020-08-25T13:30:00.0,216.47000122070312
2020-08-26T13:30:00.0,221.14999389648438
2020-08-27T13:30:00.0,226.5800018310547
2020-08-28T13:30:00.0,228.91000366210938
2020-08-31T13:30:00.0,225.52999877929688
2020-09-01T13:30:00.0,227.27000427246094
2020-09-02T13:30:00.0,231.64999389648438
2020-09-03T13:30:00.0,217.3000030517578
2020-09-04T13:30:00.0,214.25
2020-09-08T13:30:00.0,202.66000366210938
2020-09-09T13:30:00.0,211.2899932861328
2020-09-10T13:30:00.0,205.3699951171875
2020-09-11T13:30:00.0,204.02999877929688
2020-09-14T13:30:00.0,205.41000366210938
2020-09-15T13:30:00.0,208.77999877929688
2020-09-16T13:30:00.0,205.0500030517578
2020-09-17T13:30:00.0,202.91000366210938
2020-09-18T13:30:00.0,200.38999938964844
2020-09-21T13:30:00.0,202.5399932861328
2020-09-22T13:30:00.0,207.4199981689453
2020-09-23T13:30:00.0,200.58999633789062
2020-09-24T13:30:00.0,203.19000244140625
2020-09-25T13:30:00.0,207.82000732421875
2020-09-28T13:30:00.0,209.44000244140625
2020-09-29T13:30:00.0,207.25999450683594
2020-09-30T13:30:00.0,210.3300018310547
2020-10-01T13:30:00.0,212.4600067138672
2020-10-02T13:30:00.0,206.19000244140625
2020-10-05T13:30:00.0,210.3800048828125
2020-10-06T13:30:00.0,205.91000366210938
2020-10-07T13:30:00.0,209.8300018310547
2020-10-08T13:30:00.0,210.5800018310547
2020-10-09T13:30:00.0,215.80999755859375
2020-10-12T13:30:00.0,221.39999389648438
2020-10-13T13:30:00.0,222.86000061035156
2020-10-14T13:30:00.0,220.86000061035156
2020-10-15T13:30:00.0,219.66000366210938
2020-10-16T13:30:00.0,219.66000366210938
2020-10-19T13:30:00.0,214.22000122070312
2020-10-20T13:30:00.0,214.64999389648438
2020-10-21T13:30:00.0,214.8000030517578
2020-10-22T13:30:00.0,214.88999938964844
2020-10-23T13:30:00.0,216.22999572753906
2020-10-26T13:30:00.0,210.0800018310547
2020-10-27T13:30:00.0,213.25
2020-10-28T13:30:00.0,202.67999267578125
2020-10-29T13:30:00.0,204.72000122070312
2020-10-30T13:30:00.0,202.47000122070312
2020-11-02T14:30:00.0,202.3300018310547
2020-11-03T14:30:00.0,206.42999267578125
2020-11-04T14:30:00.0,216.38999938964844
2020-11-05T14:30:00.0,223.2899932861328
2020-11-06T14:30:00.0,223.72000122070312
2020-11-09T14:30:00.0,218.38999938964844
2020-11-10T14:30:00.0,211.00999450683594
2020-11-11T14:30:00.0,216.5500030517578
2020-11-12T14:30:00.0,215.44000244140625
2020-11-13T14:30:00.0,216.50999450683594
2020-11-16T14:30:00.0,217.22999572753906
2020-11-17T14:30:00.0,214.4600067138672
2020-11-18T14:30:00.0,211.0800018310547
2020-11-19T14:30:00.0,212.4199981689453
2020-11-20T14:30:00.0,210.38999938964844
2020-11-23T14:30:00.0,210.11000061035156
2020-11-24T14:30:00.0,213.86000061035156
2020-11-25T14:30:00.0,213.8699951171875
2020-11-27T14:30:00.0,215.22999572753906
2020-11-30T14:30:00.0,214.07000732421875
2020-12-01T14:30:00.0,216.2100067138672
2020-12-02T14:30:00.0,215.3699951171875
2020-12-03T14:30:00.0,214.24000549316406
2020-12-04T14:30:00.0,214.36000061035156
2020-12-07T14:30:00.0,214.2899932861328
2020-12-08T14:30:00.0,216.00999450683594
2020-12-09T14:30:00.0,211.8000030517578
2020-12-10T14:30:00.0,210.52000427246094
2020-12-11T14:30:00.0,213.25999450683594
2020-12-14T14:30:00.0,214.1999969482422
2020-12-15T14:30:00.0,214.1300048828125
2020-12-16T14:30:00.0,219.27999877929688
2020-12-17T14:30:00.0,219.4199981689453
2020-12-18T14:30:00.0,218.58999633789062
2020-12-21T14:30:00.0,222.58999633789062
2020-12-22T14:30:00.0,223.94000244140625
2020-12-23T14:30:00.0,221.02000427246094
2020-12-24T14:30:00.0,222.75
2020-12-28T14:30:00.0,224.9600067138672
2020-12-29T14:30:00.0,224.14999389648438
2020-12-30T14:30:00.0,221.67999267578125
2020-12-31T14:30:00.0,222.4199981689453
2021-01-04T14:30:00.0,217.69000244140625
2021-01-05T14:30:00.0,217.89999389648438
2021-01-06T14:30:00.0,212.25
2021-01-07T14:30:00.0,218.2899932861328
2021-01-08T14:30:00.0,219.6199951171875
2021-01-11T14:30:00.0,217.49000549316406
2021-01-12T14:30:00.0,214.92999267578125
2021-01-13T14:30:00.0,216.33999633789062
2021-01-14T14:30:00.0,213.02000427246094
2021-01-15T14:30:00.0,212.64999389648438
2021-01-19T14:30:00.0,216.44000244140625
2021-01-20T14:30:00.0,224.33999633789062
2021-01-21T14:30:00.0,224.97000122070312
2021-01-22T14:30:00.0,225.9499969482422
2021-01-25T14:30:00.0,229.52999877929688
2021-01-26T14:30:00.0,232.3300018310547
2021-01-27T14:30:00.0,232.89999389648438
2021-01-28T14:30:00.0,238.92999267578125
2021-01-29T14:30:00.0,231.9600067138672
2021-02-01T14:30:00.0,239.64999389648438
2021-02-02T14:30:00.0,239.50999450683594
2021-02-03T14:30:00.0,243.0
2021-02-04T14:30:00.0,242.00999450683594
2021-02-05T14:30:00.0,242.1999969482422
2021-02-08T14:30:00.0,242.47000122070312
2021-02-09T14:30:00.0,243.77000427246094
2021-02-10T14:30:00.0,242.82000732421875
2021-02-11T14:30:00.0,244.49000549316406
2021-02-12T14:30:00.0,244.99000549316406
2021-02-16T14:30:00.0,243.6999969482422
2021-02-17T14:30:00.0,244.1999969482422
2021-02-18T14:30:00.0,243.7899932861328
2021-02-19T14:30:00.0,240.97000122070312
2021-02-22T14:30:00.0,234.50999450683594
2021-02-23T14:30:00.0,233.27000427246094
2021-02-24T14:30:00.0,234.5500030517578
2021-02-25T14:30:00.0,228.99000549316406
2021-02-26T14:30:00.0,232.3800048828125
2021-03-01T14:30:00.0,236.94000244140625
2021-03-02T14:30:00.0,233.8699951171875
2021-03-03T14:30:00.0,227.55999755859375
2021-03-04T14:30:00.0,226.72999572753906
2021-03-05T14:30:00.0,231.60000610351562
2021-03-08T14:30:00.0,227.38999938964844
2021-03-09T14:30:00.0,233.77999877929688
2021-03-10T14:30:00.0,232.4199981689453
2021-03-11T14:30:00.0,237.1300048828125
2021-03-12T14:30:00.0,235.75
2021-03-15T13:30:00.0,234.80999755859375
2021-03-16T13:30:00.0,237.7100067138672
2021-03-17T13:30:00.0,237.0399932861328
2021-03-18T13:30:00.0,230.72000122070312
2021-03-19T13:30:00.0,230.35000610351562
2021-03-22T13:30:00.0,235.99000549316406
2021-03-23T13:30:00.0,237.5800018310547
2021-03-24T13:30:00.0,235.4600067138672
2021-03-25T13:30:00.0,232.33999633789062
2021-03-26T13:30:00.0,236.47999572753906
2021-03-29T13:30:00.0,235.24000549316406
2021-03-30T13:30:00.0,231.85000610351562
2021-03-31T13:30:00.0,235.77000427246094
2021-04-01T13:30:00.0,242.35000610351562
2021-04-05T13:30:00.0,249.07000732421875
2021-04-06T13:30:00.0,247.86000061035156
2021-04-07T13:30:00.0,249.89999389648438
2021-04-08T13:30:00.0,253.25
2021-04-09T13:30:00.0,255.85000610351562
2021-04-12T13:30:00.0,255.91000366210938
2021-04-13T13:30:00.0,258.489990234375
2021-04-14T13:30:00.0,255.58999633789062
2021-04-15T13:30:00.0,259.5
2021-04-16T13:30:00.0,260.739990234375
2021-04-19T13:30:00.0,258.739990234375
2021-04-20T13:30:00.0,258.260009765625
2021-04-21T13:30:00.0,260.5799865722656
2021-04-22T13:30:00.0,257.1700134277344
2021-04-23T13:30:00.0,261.1499938964844
2021-04-26T13:30:00.0,261.54998779296875
2021-04-27T13:30:00.0,261.9700012207031
2021-04-28T13:30:00.0,254.55999755859375
2021-04-29T13:30:00.0,252.50999450683594
2021-04-30T13:30:00.0,252.17999267578125
2021-05-03T13:30:00.0,251.86000061035156
2021-05-04T13:30:00.0,247.7899932861328
2021-05-05T13:30:00.0,246.47000122070312
2021-05-06T13:30:00.0,249.72999572753906
2021-05-07T13:30:00.0,252.4600067138672
2021-05-10T13:30:00.0,247.17999267578125
2021-05-11T13:30:00.0,246.22999572753906
2021-05-12T13:30:00.0,239.0
2021-05-13T13:30:00.0,243.02999877929688
2021-05-14T13:30:00.0,248.14999389648438
2021-05-17T13:30:00.0,245.17999267578125
2021-05-18T13:30:00.0,243.0800018310547
2021-05-19T13:30:00.0,243.1199951171875
2021-05-20T13:30:00.0,246.47999572753906
2021-05-21T13:30:00.0,245.1699981689453
2021-05-24T13:30:00.0,250.77999877929688
2021-05-25T13:30:00.0,251.72000122070312
2021-05-26T13:30:00.0,251.49000549316406
2021-05-27T13:30:00.0,249.30999755859375
2021-05-28T13:30:00.0,249.67999267578125
2021-06-01T13:30:00.0,247.39999389648438
2021-06-02T13:30:00.0,247.3000030517578
2021-06-03T13:30:00.0,245.7100067138672
2021-06-04T13:30:00.0,250.7899932861328
2021-06-07T13:30:00.0,253.80999755859375
2021-06-08T13:30:00.0,252.57000732421875
2021-06-09T13:30:00.0,253.58999633789062
2021-06-10T13:30:00.0,257.239990234375
2021-06-11T13:30:00.0,257.8900146484375
2021-06-14T13:30:00.0,259.8900146484375
2021-06-15T13:30:00.0,258.3599853515625
2021-06-16T13:30:00.0,257.3800048828125
2021-06-17T13:30:00.0,260.8999938964844
2021-06-18T13:30:00.0,259.42999267578125
2021-06-21T13:30:00.0,262.6300048828125
2021-06-22T13:30:00.0,265.510009765625
2021-06-23T13:30:00.0,265.2699890136719
2021-06-24T13:30:00.0,266.69000244140625
2021-06-25T13:30:00.0,265.0199890136719
2021-06-28T13:30:00.0,268.7200012207031
2021-06-29T13:30:00.0,271.3999938964844
2021-06-30T13:30:00.0,270.8999938964844
2021-07-01T13:30:00.0,271.6000061035156
2021-07-02T13:30:00.0,277.6499938964844
2021-07-06T13:30:00.0,277.6600036621094
2021-07-07T13:30:00.0,279.92999267578125
2021-07-08T13:30:00.0,277.4200134277344
2021-07-09T13:30:00.0,277.94000244140625
2021-07-12T13:30:00.0,277.32000732421875
2021-07-13T13:30:00.0,280.9800109863281
2021-07-14T13:30:00.0,282.510009765625
2021-07-15T13:30:00.0,281.0299987792969
2021-07-16T13:30:00.0,280.75
2021-07-19T13:30:00.0,277.010009765625
2021-07-20T13:30:00.0,279.32000732421875
2021-07-21T13:30:00.0,281.3999938964844
2021-07-22T13:30:00.0,286.1400146484375
2021-07-23T13:30:00.0,289.6700134277344
2021-07-26T13:30:00.0,289.04998779296875
2021-07-27T13:30:00.0,286.5400085449219
2021-07-28T13:30:00.0,286.2200012207031
2021-07-29T13:30:00.0,286.5
2021-07-30T13:30:00.0,284.9100036621094
2021-08-02T13:30:00.0,284.82000732421875
2021-08-03T13:30:00.0,287.1199951171875
2021-08-04T13:30:00.0,286.510009765625
2021-08-05T13:30:00.0,289.5199890136719
2021-08-06T13:30:00.0,289.4599914550781
2021-08-09T13:30:00.0,288.3299865722656
2021-08-10T13:30:00.0,286.44000244140625
2021-08-11T13:30:00.0,286.95001220703125
2021-08-12T13:30:00.0,289.80999755859375
2021-08-13T13:30:00.0,292.8500061035156
2021-08-16T13:30:00.0,294.6000061035156
2021-08-17T13:30:00.0,293.0799865722656
2021-08-18T13:30:00.0,290.7300109863281
2021-08-19T13:30:00.0,296.7699890136719
2021-08-20T13:30:00.0,304.3599853515625
2021-08-23T13:30:00.0,304.6499938964844
2021-08-24T13:30:00.0,302.6199951171875
2021-08-25T13:30:00.0,302.010009765625
2021-08-26T13:30:00.0,299.0899963378906
2021-08-27T13:30:00.0,299.7200012207031
2021-08-30T13:30:00.0,303.5899963378906
2021-08-31T13:30:00.0,301.8800048828125
2021-09-01T13:30:00.0,301.8299865722656
2021-09-02T13:30:00.0,301.1499938964844
2021-09-03T13:30:00.0,301.1400146484375
2021-09-07T13:30:00.0,300.17999267578125
2021-09-08T13:30:00.0,300.2099914550781
2021-09-09T13:30:00.0,297.25
2021-09-10T13:30:00.0,295.7099914550781
2021-09-13T13:30:00.0,296.989990234375
2021-09-14T13:30:00.0,299.7900085449219
2021-09-15T13:30:00.0,304.82000732421875
2021-09-16T13:30:00.0,305.2200012207031
2021-09-17T13:30:00.0,299.8699951171875
2021-09-20T13:30:00.0,294.29998779296875
2021-09-21T13:30:00.0,294.79998779296875
2021-09-22T13:30:00.0,298.5799865722656
2021-09-23T13:30:00.0,299.55999755859375
2021-09-24T13:30:00.0,299.3500061035156
2021-09-27T13:30:00.0,294.1700134277344
2021-09-28T13:30:00.0,283.5199890136719
2021-09-29T13:30:00.0,284.0
2021-09-30T13:30:00.0,281.9200134277344
2021-10-01T13:30:00.0,289.1000061035156
2021-10-04T13:30:00.0,283.1099853515625
2021-10-05T13:30:00.0,288.760009765625
2021-10-06T13:30:00.0,293.1099853515625
2021-10-07T13:30:00.0,294.8500061035156
2021-10-08T13:30:00.0,294.8500061035156
2021-10-11T13:30:00.0,294.2300109863281
2021-10-12T13:30:00.0,292.8800048828125
2021-10-13T13:30:00.0,296.30999755859375
2021-10-14T13:30:00.0,302.75
2021-10-15T13:30:00.0,304.2099914550781
2021-10-18T13:30:00.0,307.2900085449219
2021-10-19T13:30:00.0,308.2300109863281
2021-10-20T13:30:00.0,307.4100036621094
2021-10-21T13:30:00.0,310.760009765625
2021-10-22T13:30:00.0,309.1600036621094
2021-10-25T13:30:00.0,308.1300048828125
2021-10-26T13:30:00.0,310.1099853515625
2021-10-27T13:30:00.0,323.1700134277344
2021-10-28T13:30:00.0,324.3500061035156
2021-10-29T13:30:00.0,331.6199951171875
2021-11-01T13:30:00.0,329.3699951171875
2021-11-02T13:30:00.0,333.1300048828125
2021-11-03T13:30:00.0,334.0
2021-11-04T13:30:00.0,336.44000244140625
2021-11-05T13:30:00.0,336.05999755859375
2021-11-08T14:30:00.0,336.989990234375
2021-11-09T14:30:00.0,335.95001220703125
2021-11-10T14:30:00.0,330.79998779296875
2021-11-11T14:30:00.0,332.42999267578125
2021-11-12T14:30:00.0,336.7200012207031
2021-11-15T14:30:00.0,336.07000732421875
2021-11-16T14:30:00.0,339.510009765625
2021-11-17T14:30:00.0,339.1199951171875
2021-11-18T14:30:00.0,341.2699890136719
2021-11-19T14:30:00.0,343.1099853515625
2021-11-22T14:30:00.0,339.8299865722656
2021-11-23T14:30:00.0,337.67999267578125
2021-11-24T14:30:00.0,337.9100036621094
2021-11-26T14:30:00.0,329.67999267578125
2021-11-29T14:30:00.0,336.6300048828125
2021-11-30T14:30:00.0,330.5899963378906
2021-12-01T14:30:00.0,330.0799865722656
2021-12-02T14:30:00.0,329.489990234375
2021-12-03T14:30:00.0,323.010009765625
2021-12-06T14:30:00.0,326.19000244140625
2021-12-07T14:30:00.0,334.9200134277344
2021-12-08T14:30:00.0,334.9700012207031
2021-12-09T14:30:00.0,333.1000061035156
2021-12-10T14:30:00.0,342.5400085449219
2021-12-13T14:30:00.0,339.3999938964844
2021-12-14T14:30:00.0,328.3399963378906
2021-12-15T14:30:00.0,334.6499938964844
2021-12-16T14:30:00.0,324.8999938964844
2021-12-17T14:30:00.0,323.79998779296875
2021-12-20T14:30:00.0,319.9100036621094
2021-12-21T14:30:00.0,327.2900085449219
2021-12-22T14:30:00.0,333.20001220703125
2021-12-23T14:30:00.0,334.69000244140625
2021-12-27T14:30:00.0,342.45001220703125
2021-12-28T14:30:00.0,341.25
2021-12-29T14:30:00.0,341.95001220703125
2021-12-30T14:30:00.0,339.32000732421875
2021-12-31T14:30:00.0,336.32000732421875
2022-01-03T14:30:00.0,334.75
2022-01-04T14:30:00.0,329.010009765625
2022-01-05T14:30:00.0,316.3800048828125
2022-01-06T14:30:00.0,313.8800048828125
2022-01-07T14:30:00.0,314.0400085449219
2022-01-10T14:30:00.0,314.2699890136719
2022-01-11T14:30:00.0,314.9800109863281
2022-01-12T14:30:00.0,318.2699890136719
2022-01-13T14:30:00.0,304.79998779296875
2022-01-14T14:30:00.0,310.20001220703125
2022-01-18T14:30:00.0,302.6499938964844
2022-01-19T14:30:00.0,303.3299865722656
2022-01-20T14:30:00.0,301.6000061035156
2022-01-21T14:30:00.0,296.0299987792969
2022-01-24T14:30:00.0,296.3699951171875
2022-01-25T14:30:00.0,288.489990234375
2022-01-26T14:30:00.0,296.7099914550781
2022-01-27T14:30:00.0,299.8399963378906
2022-01-28T14:30:00.0,308.260009765625
2022-01-31T14:30:00.0,310.9800109863281
2022-02-01T14:30:00.0,308.760009765625
2022-02-02T14:30:00.0,313.4599914550781
2022-02-03T14:30:00.0,301.25
2022-02-04T14:30:00.0,305.94000244140625
2022-02-07T14:30:00.0,300.95001220703125
2022-02-08T14:30:00.0,304.55999755859375
2022-02-09T14:30:00.0,311.2099914550781
2022-02-10T14:30:00.0,302.3800048828125
2022-02-11T14:30:00.0,295.0400085449219
2022-02-14T14:30:00.0,295.0
2022-02-15T14:30:00.0,300.4700012207031
2022-02-16T14:30:00.0,299.5
2022-02-17T14:30:00.0,290.7300109863281
2022-02-18T14:30:00.0,287.92999267578125
2022-02-22T14:30:00.0,287.7200012207031
2022-02-23T14:30:00.0,280.2699890136719
2022-02-24T14:30:00.0,294.5899963378906
2022-02-25T14:30:00.0,297.30999755859375
2022-02-28T14:30:00.0,298.7900085449219
2022-03-01T14:30:00.0,294.95001220703125
2022-03-02T14:30:00.0,300.19000244140625
2022-03-03T14:30:00.0,295.9200134277344
2022-03-04T14:30:00.0,289.8599853515625
2022-03-07T14:30:00.0,278.9100036621094
2022-03-08T14:30:00.0,275.8500061035156
2022-03-09T14:30:00.0,288.5
2022-03-10T14:30:00.0,285.5899963378906
2022-03-11T14:30:00.0,280.07000732421875
2022-03-14T13:30:00.0,276.44000244140625
2022-03-15T13:30:00.0,287.1499938964844
2022-03-16T13:30:00.0,294.3900146484375
2022-03-17T13:30:00.0,295.2200012207031
2022-03-18T13:30:00.0,300.42999267578125
2022-03-21T13:30:00.0,299.1600036621094
2022-03-22T13:30:00.0,304.05999755859375
2022-03-23T13:30:00.0,299.489990234375
2022-03-24T13:30:00.0,304.1000061035156
2022-03-25T13:30:00.0,303.67999267578125
2022-03-28T13:30:00.0,310.70001220703125
2022-03-29T13:30:00.0,315.4100036621094
2022-03-30T13:30:00.0,313.8599853515625
2022-03-31T13:30:00.0,308.30999755859375
2022-04-01T13:30:00.0,309.4200134277344
2022-04-04T13:30:00.0,314.9700012207031
2022-04-05T13:30:00.0,310.8800048828125
2022-04-06T13:30:00.0,299.5
2022-04-07T13:30:00.0,301.3699951171875
2022-04-08T13:30:00.0,296.9700012207031
2022-04-11T13:30:00.0,285.260009765625
2022-04-12T13:30:00.0,282.05999755859375
2022-04-13T13:30:00.0,287.6199951171875
2022-04-14T13:30:00.0,279.8299865722656
2022-04-18T13:30:00.0,280.5199890136719
2022-04-19T13:30:00.0,285.29998779296875
2022-04-20T13:30:00.0,286.3599853515625
2022-04-21T13:30:00.0,280.80999755859375
2022-04-22T13:30:00.0,274.0299987792969
2022-04-25T13:30:00.0,280.7200012207031
2022-04-26T13:30:00.0,270.2200012207031
2022-04-27T13:30:00.0,283.2200012207031
2022-04-28T13:30:00.0,289.6300048828125
2022-04-29T13:30:00.0,277.5199890136719
2022-05-02T13:30:00.0,284.4700012207031
2022-05-03T13:30:00.0,281.7799987792969
2022-05-04T13:30:00.0,289.9800109863281
2022-05-05T13:30:00.0,277.3500061035156
2022-05-06T13:30:00.0,274.7300109863281
2022-05-09T13:30:00.0,264.5799865722656
2022-05-10T13:30:00.0,269.5
2022-05-11T13:30:00.0,260.54998779296875
2022-05-12T13:30:00.0,255.35000610351562
2022-05-13T13:30:00.0,261.1199951171875
2022-05-16T13:30:00.0,261.5
2022-05-17T13:30:00.0,266.82000732421875
2022-05-18T13:30:00.0,254.0800018310547
2022-05-19T13:30:00.0,253.13999938964844
2022-05-20T13:30:00.0,252.55999755859375
2022-05-23T13:30:00.0,260.6499938964844
2022-05-24T13:30:00.0,259.6199951171875
2022-05-25T13:30:00.0,262.5199890136719
2022-05-26T13:30:00.0,265.8999938964844
2022-05-27T13:30:00.0,273.239990234375
2022-05-31T13:30:00.0,271.8699951171875
2022-06-01T13:30:00.0,272.4200134277344
2022-06-02T13:30:00.0,274.5799865722656
2022-06-03T13:30:00.0,270.0199890136719
2022-06-06T13:30:00.0,268.75
2022-06-07T13:30:00.0,272.5
2022-06-08T13:30:00.0,270.4100036621094
2022-06-09T13:30:00.0,264.7900085449219
2022-06-10T13:30:00.0,252.99000549316406
2022-06-13T13:30:00.0,242.25999450683594
2022-06-14T13:30:00.0,244.49000549316406
2022-06-15T13:30:00.0,251.75999450683594
2022-06-16T13:30:00.0,244.97000122070312
2022-06-17T13:30:00.0,247.64999389648438
2022-06-21T13:30:00.0,253.74000549316406
2022-06-22T13:30:00.0,253.1300048828125
2022-06-23T13:30:00.0,258.8599853515625
2022-06-24T13:30:00.0,267.70001220703125
2022-06-27T13:30:00.0,264.8900146484375
2022-06-28T13:30:00.0,256.4800109863281
2022-06-29T13:30:00.0,260.260009765625
2022-06-30T13:30:00.0,256.8299865722656
2022-07-01T13:30:00.0,259.5799865722656
2022-07-05T13:30:00.0,262.8500061035156
2022-07-06T13:30:00.0,266.2099914550781
2022-07-07T13:30:00.0,268.3999938964844
2022-07-08T13:30:00.0,267.6600036621094
2022-07-11T13:30:00.0,264.510009765625
2022-07-12T13:30:00.0,253.6699981689453
2022-07-13T13:30:00.0,252.72000122070312
2022-07-14T13:30:00.0,254.0800018310547
2022-07-15T13:30:00.0,256.7200012207031
2022-07-18T13:30:00.0,254.25
2022-07-19T13:30:00.0,259.5299987792969
2022-07-20T13:30:00.0,262.2699890136719
2022-07-21T13:30:00.0,264.8399963378906
2022-07-22T13:30:00.0,260.3599853515625
2022-07-25T13:30:00.0,258.8299865722656
2022-07-26T13:30:00.0,251.89999389648438
2022-07-27T13:30:00.0,268.739990234375
2022-07-28T13:30:00.0,276.4100036621094
2022-07-29T13:30:00.0,280.739990234375
2022-08-01T13:30:00.0,278.010009765625
2022-08-02T13:30:00.0,274.82000732421875
2022-08-03T13:30:00.0,282.4700012207031
2022-08-04T13:30:00.0,283.6499938964844
2022-08-05T13:30:00.0,282.9100036621094
2022-08-08T13:30:00.0,280.32000732421875
2022-08-09T13:30:00.0,282.29998779296875
2022-08-10T13:30:00.0,289.1600036621094
2022-08-11T13:30:00.0,287.0199890136719
2022-08-12T13:30:00.0,291.9100036621094
2022-08-15T13:30:00.0,293.4700012207031
2022-08-16T13:30:00.0,292.7099914550781
2022-08-17T13:30:00.0,291.32000732421875
2022-08-18T13:30:00.0,290.1700134277344
2022-08-19T13:30:00.0,286.1499938964844
2022-08-22T13:30:00.0,277.75
2022-08-23T13:30:00.0,276.44000244140625
2022-08-24T13:30:00.0,275.7900085449219
2022-08-25T13:30:00.0,278.8500061035156
2022-08-26T13:30:00.0,268.0899963378906
2022-08-29T13:30:00.0,265.2300109863281
2022-08-30T13:30:00.0,262.9700012207031
2022-08-31T13:30:00.0,261.4700012207031
2022-09-01T13:30:00.0,260.3999938964844
2022-09-02T13:30:00.0,256.05999755859375
2022-09-06T13:30:00.0,253.25
2022-09-07T13:30:00.0,258.0899963378906
2022-09-08T13:30:00.0,258.5199890136719
2022-09-09T13:30:00.0,264.4599914550781
2022-09-12T13:30:00.0,266.6499938964844
2022-09-13T13:30:00.0,251.99000549316406
2022-09-14T13:30:00.0,252.22000122070312
2022-09-15T13:30:00.0,245.3800048828125
2022-09-16T13:30:00.0,244.74000549316406
2022-09-19T13:30:00.0,244.52000427246094
2022-09-20T13:30:00.0,242.4499969482422
2022-09-21T13:30:00.0,238.9499969482422
2022-09-22T13:30:00.0,240.97999572753906
2022-09-23T13:30:00.0,237.9199981689453
2022-09-26T13:30:00.0,237.4499969482422
2022-09-27T13:30:00.0,236.41000366210938
2022-09-28T13:30:00.0,241.07000732421875
2022-09-29T13:30:00.0,237.5
2022-09-30T13:30:00.0,232.89999389648438
2022-10-03T13:30:00.0,240.74000549316406
2022-10-04T13:30:00.0,248.8800048828125
2022-10-05T13:30:00.0,249.1999969482422
2022-10-06T13:30:00.0,246.7899932861328
2022-10-07T13:30:00.0,234.24000549316406
2022-10-10T13:30:00.0,229.25
2022-10-11T13:30:00.0,225.41000366210938
2022-10-12T13:30:00.0,225.75
2022-10-13T13:30:00.0,234.24000549316406
2022-10-14T13:30:00.0,228.55999755859375
2022-10-17T13:30:00.0,237.52999877929688
2022-10-18T13:30:00.0,238.5
2022-10-19T13:30:00.0,236.47999572753906
2022-10-20T13:30:00.0,236.14999389648438
2022-10-21T13:30:00.0,242.1199951171875
2022-10-24T13:30:00.0,247.25
2022-10-25T13:30:00.0,250.66000366210938
2022-10-26T13:30:00.0,231.32000732421875
2022-10-27T13:30:00.0,226.75
2022-10-28T13:30:00.0,235.8699951171875
2022-10-31T13:30:00.0,232.1300048828125
2022-11-01T13:30:00.0,228.1699981689453
2022-11-02T13:30:00.0,220.10000610351562
2022-11-03T13:30:00.0,214.25
2022-11-04T13:30:00.0,221.38999938964844
2022-11-07T14:30:00.0,227.8699951171875
2022-11-08T14:30:00.0,228.8699951171875
2022-11-09T14:30:00.0,224.50999450683594
2022-11-10T14:30:00.0,242.97999572753906
2022-11-11T14:30:00.0,247.11000061035156
2022-11-14T14:30:00.0,241.5500030517578
2022-11-15T14:30:00.0,241.97000122070312
2022-11-16T14:30:00.0,241.72999572753906
2022-11-17T14:30:00.0,241.67999267578125
2022-11-18T14:30:00.0,241.22000122070312
2022-11-21T14:30:00.0,242.0500030517578
2022-11-22T14:30:00.0,245.02999877929688
2022-11-23T14:30:00.0,247.5800018310547
2022-11-25T14:30:00.0,247.49000549316406
2022-11-28T14:30:00.0,241.75999450683594
2022-11-29T14:30:00.0,240.3300018310547
2022-11-30T14:30:00.0,255.13999938964844
2022-12-01T14:30:00.0,254.69000244140625
2022-12-02T14:30:00.0,255.02000427246094
2022-12-05T14:30:00.0,250.1999969482422
2022-12-06T14:30:00.0,245.1199951171875
2022-12-07T14:30:00.0,244.3699951171875
2022-12-08T14:30:00.0,247.39999389648438
2022-12-09T14:30:00.0,245.4199981689453
2022-12-12T14:30:00.0,252.50999450683594
2022-12-13T14:30:00.0,256.9200134277344
2022-12-14T14:30:00.0,257.2200012207031
2022-12-15T14:30:00.0,249.00999450683594
2022-12-16T14:30:00.0,244.69000244140625
2022-12-19T14:30:00.0,240.4499969482422
2022-12-20T14:30:00.0,241.8000030517578
2022-12-21T14:30:00.0,244.42999267578125
2022-12-22T14:30:00.0,238.19000244140625
2022-12-23T14:30:00.0,238.72999572753906
2022-12-27T14:30:00.0,236.9600067138672
2022-12-28T14:30:00.0,234.52999877929688
2022-12-29T14:30:00.0,241.00999450683594
2022-12-30T14:30:00.0,239.82000732421875
2023-01-03T14:30:00.0,239.5800018310547
2023-01-04T14:30:00.0,229.10000610351562
2023-01-05T14:30:00.0,222.30999755859375
2023-01-06T14:30:00.0,224.92999267578125
2023-01-09T14:30:00.0,227.1199951171875
2023-01-10T14:30:00.0,228.85000610351562
2023-01-11T14:30:00.0,235.77000427246094
2023-01-12T14:30:00.0,238.50999450683594
2023-01-13T14:30:00.0,239.22999572753906
2023-01-17T14:30:00.0,240.35000610351562
2023-01-18T14:30:00.0,235.80999755859375
2023-01-19T14:30:00.0,231.92999267578125
2023-01-20T14:30:00.0,240.22000122070312
2023-01-23T14:30:00.0,242.5800018310547
2023-01-24T14:30:00.0,242.0399932861328
2023-01-25T14:30:00.0,240.61000061035156
2023-01-26T14:30:00.0,248.0
2023-01-27T14:30:00.0,248.16000366210938
2023-01-30T14:30:00.0,242.7100067138672
2023-01-31T14:30:00.0,247.80999755859375
2023-02-01T14:30:00.0,252.75
2023-02-02T14:30:00.0,264.6000061035156
2023-02-03T14:30:00.0,258.3500061035156
2023-02-06T14:30:00.0,256.7699890136719
2023-02-07T14:30:00.0,267.55999755859375
2023-02-08T14:30:00.0,266.7300109863281
2023-02-09T14:30:00.0,263.6199951171875
2023-02-10T14:30:00.0,263.1000061035156
2023-02-13T14:30:00.0,271.32000732421875
2023-02-14T14:30:00.0,272.1700134277344
2023-02-15T14:30:00.0,269.32000732421875
2023-02-16T14:30:00.0,262.1499938964844
2023-02-17T14:30:00.0,258.05999755859375
2023-02-21T14:30:00.0,252.6699981689453
2023-02-22T14:30:00.0,251.50999450683594
2023-02-23T14:30:00.0,254.77000427246094
2023-02-24T14:30:00.0,249.22000122070312
2023-02-27T14:30:00.0,250.16000366210938
2023-02-28T14:30:00.0,249.4199981689453
2023-03-01T14:30:00.0,246.27000427246094
2023-03-02T14:30:00.0,251.11000061035156
2023-03-03T14:30:00.0,255.2899932861328
2023-03-06T14:30:00.0,256.8699951171875
2023-03-07T14:30:00.0,254.14999389648438
2023-03-08T14:30:00.0,253.6999969482422
2023-03-09T14:30:00.0,252.32000732421875
2023-03-10T14:30:00.0,248.58999633789062
2023-03-13T13:30:00.0,253.9199981689453
2023-03-14T13:30:00.0,260.7900085449219
2023-03-15T13:30:00.0,265.44000244140625
2023-03-16T13:30:00.0,276.20001220703125
2023-03-17T13:30:00.0,279.42999267578125
2023-03-20T13:30:00.0,272.2300109863281
2023-03-21T13:30:00.0,273.7799987792969
2023-03-22T13:30:00.0,272.2900085449219
2023-03-23T13:30:00.0,277.6600036621094
2023-03-24T13:30:00.0,280.57000732421875
2023-03-27T13:30:00.0,276.3800048828125
2023-03-28T13:30:00.0,275.2300109863281
2023-03-29T13:30:00.0,280.510009765625
2023-03-30T13:30:00.0,284.04998779296875
2023-03-31T13:30:00.0,288.29998779296875
2023-04-03T13:30:00.0,287.2300109863281
2023-04-04T13:30:00.0,287.17999267578125
2023-04-05T13:30:00.0,284.3399963378906
2023-04-06T13:30:00.0,291.6000061035156
2023-04-10T13:30:00.0,289.3900146484375
2023-04-11T13:30:00.0,282.8299865722656
2023-04-12T13:30:00.0,283.489990234375
2023-04-13T13:30:00.0,289.8399963378906
2023-04-14T13:30:00.0,286.1400146484375
2023-04-17T13:30:00.0,288.79998779296875
2023-04-18T13:30:00.0,288.3699951171875
2023-04-19T13:30:00.0,288.45001220703125
2023-04-20T13:30:00.0,286.1099853515625
2023-04-21T13:30:00.0,285.760009765625
2023-04-24T13:30:00.0,281.7699890136719
2023-04-25T13:30:00.0,275.4200134277344
2023-04-26T13:30:00.0,295.3699951171875
2023-04-27T13:30:00.0,304.8299865722656
2023-04-28T13:30:00.0,307.260009765625
2023-05-01T13:30:00.0,305.55999755859375
2023-05-02T13:30:00.0,305.4100036621094
2023-05-03T13:30:00.0,304.3999938964844
2023-05-04T13:30:00.0,305.4100036621094
2023-05-05T13:30:00.0,310.6499938964844
2023-05-08T13:30:00.0,308.6499938964844
2023-05-09T13:30:00.0,307.0
2023-05-10T13:30:00.0,312.30999755859375
2023-05-11T13:30:00.0,310.1099853515625
2023-05-12T13:30:00.0,308.9700012207031
2023-05-15T13:30:00.0,309.4599914550781
2023-05-16T13:30:00.0,311.739990234375
2023-05-17T13:30:00.0,314.0
2023-05-18T13:30:00.0,318.5199890136719
2023-05-19T13:30:00.0,318.3399963378906
2023-05-22T13:30:00.0,321.17999267578125
2023-05-23T13:30:00.0,315.260009765625
2023-05-24T13:30:00.0,313.8500061035156
2023-05-25T13:30:00.0,325.9200134277344
2023-05-26T13:30:00.0,332.8900146484375
2023-05-30T13:30:00.0,331.2099914550781
2023-05-31T13:30:00.0,328.3900146484375
2023-06-01T13:30:00.0,332.5799865722656
2023-06-02T13:30:00.0,335.3999938964844
2023-06-05T13:30:00.0,335.94000244140625
2023-06-06T13:30:00.0,333.67999267578125
2023-06-07T13:30:00.0,323.3800048828125
2023-06-08T13:30:00.0,325.260009765625
2023-06-09T13:30:00.0,326.7900085449219
2023-06-12T13:30:00.0,331.8500061035156
2023-06-13T13:30:00.0,334.2900085449219
2023-06-14T13:30:00.0,337.3399963378906
2023-06-15T13:30:00.0,348.1000061035156
2023-06-16T13:30:00.0,342.3299865722656
2023-06-20T13:30:00.0,338.04998779296875
2023-06-21T13:30:00.0,333.55999755859375
2023-06-22T13:30:00.0,339.7099914550781
2023-06-23T13:30:00.0,335.0199890136719
2023-06-26T13:30:00.0,328.6000061035156
2023-06-27T13:30:00.0,334.57000732421875
2023-06-28T13:30:00.0,335.8500061035156
2023-06-29T13:30:00.0,335.04998779296875
2023-06-30T13:30:00.0,340.5400085449219
2023-07-03T13:30:00.0,337.989990234375
2023-07-05T13:30:00.0,338.1499938964844
2023-07-06T13:30:00.0,341.2699890136719
2023-07-07T13:30:00.0,337.2200012207031
2023-07-10T13:30:00.0,331.8299865722656
2023-07-11T13:30:00.0,332.4700012207031
2023-07-12T13:30:00.0,337.20001220703125
2023-07-13T13:30:00.0,342.6600036621094
2023-07-14T13:30:00.0,345.239990234375
2023-07-17T13:30:00.0,345.7300109863281
2023-07-18T13:30:00.0,359.489990234375
2023-07-19T13:30:00.0,355.0799865722656
2023-07-20T13:30:00.0,346.8699951171875
2023-07-21T13:30:00.0,343.7699890136719
2023-07-24T13:30:00.0,345.1099853515625
2023-07-25T13:30:00.0,350.9800109863281
2023-07-26T13:30:00.0,337.7699890136719
2023-07-27T13:30:00.0,330.7200012207031
2023-07-28T13:30:00.0,338.3699951171875
2023-07-31T13:30:00.0,335.9200134277344
2023-08-01T13:30:00.0,336.3399963378906
2023-08-02T13:30:00.0,327.5
2023-08-03T13:30:00.0,326.6600036621094
2023-08-04T13:30:00.0,327.7799987792969
2023-08-07T13:30:00.0,330.1099853515625
2023-08-08T13:30:00.0,326.04998779296875
2023-08-09T13:30:00.0,322.2300109863281
2023-08-10T13:30:00.0,322.92999267578125
2023-08-11T13:30:00.0,321.010009765625
2023-08-14T13:30:00.0,324.0400085449219
2023-08-15T13:30:00.0,321.8599853515625
2023-08-16T13:30:00.0,320.3999938964844
2023-08-17T13:30:00.0,316.8800048828125
2023-08-18T13:30:00.0,316.4800109863281
2023-08-21T13:30:00.0,321.8800048828125
2023-08-22T13:30:00.0,322.4599914550781
2023-08-23T13:30:00.0,327.0
2023-08-24T13:30:00.0,319.9700012207031
2023-08-25T13:30:00.0,322.9800109863281
2023-08-28T13:30:00.0,323.70001220703125
2023-08-29T13:30:00.0,328.4100036621094
2023-08-30T13:30:00.0,328.7900085449219
2023-08-31T13:30:00.0,327.760009765625
2023-09-01T13:30:00.0,328.6600036621094
2023-09-05T13:30:00.0,333.54998779296875
2023-09-06T13:30:00.0,332.8800048828125
2023-09-07T13:30:00.0,329.9100036621094
2023-09-08T13:30:00.0,334.2699890136719
2023-09-11T13:30:00.0,337.94000244140625
2023-09-12T13:30:00.0,331.7699890136719
2023-09-13T13:30:00.0,336.05999755859375
2023-09-14T13:30:00.0,338.70001220703125
2023-09-15T13:30:00.0,330.2200012207031
2023-09-18T13:30:00.0,329.05999755859375
2023-09-19T13:30:00.0,328.6499938964844
2023-09-20T13:30:00.0,320.7699890136719
2023-09-21T13:30:00.0,319.5299987792969
2023-09-22T13:30:00.0,317.010009765625
2023-09-25T13:30:00.0,317.5400085449219
2023-09-26T13:30:00.0,312.1400146484375
2023-09-27T13:30:00.0,312.7900085449219
2023-09-28T13:30:00.0,313.6400146484375
2023-09-29T13:30:00.0,315.75
2023-10-02T13:30:00.0,321.79998779296875
2023-10-03T13:30:00.0,313.3900146484375
2023-10-04T13:30:00.0,318.9599914550781
2023-10-05T13:30:00.0,319.3599853515625
2023-10-06T13:30:00.0,327.260009765625
2023-10-09T13:30:00.0,329.82000732421875
2023-10-10T13:30:00.0,328.3900146484375
2023-10-11T13:30:00.0,332.4200134277344
2023-10-12T13:30:00.0,331.1600036621094
2023-10-13T13:30:00.0,327.7300109863281
2023-10-16T13:30:00.0,332.6400146484375
2023-10-17T13:30:00.0,332.05999755859375
2023-10-18T13:30:00.0,330.1099853515625
2023-10-19T13:30:00.0,331.32000732421875
2023-10-20T13:30:00.0,326.6700134277344
2023-10-23T13:30:00.0,329.32000732421875
2023-10-24T13:30:00.0,330.5299987792969
2023-10-25T13:30:00.0,340.6700134277344
2023-10-26T13:30:00.0,327.8900146484375
2023-10-27T13:30:00.0,329.80999755859375
2023-10-30T13:30:00.0,337.30999755859375
2023-10-31T13:30:00.0,338.1099853515625
2023-11-01T13:30:00.0,346.07000732421875
2023-11-02T13:30:00.0,348.32000732421875
2023-11-03T13:30:00.0,352.79998779296875
2023-11-06T14:30:00.0,356.5299987792969
2023-11-07T14:30:00.0,360.5299987792969
2023-11-08T14:30:00.0,363.20001220703125
2023-11-09T14:30:00.0,360.69000244140625
2023-11-10T14:30:00.0,369.6700134277344
2023-11-13T14:30:00.0,366.67999267578125
2023-11-14T14:30:00.0,370.2699890136719
2023-11-15T14:30:00.0,369.6700134277344
2023-11-16T14:30:00.0,376.1700134277344
2023-11-17T14:30:00.0,369.8500061035156
2023-11-20T14:30:00.0,377.44000244140625
2023-11-21T14:30:00.0,373.07000732421875
2023-11-22T14:30:00.0,377.8500061035156
2023-11-24T14:30:00.0,377.42999267578125
2023-11-27T14:30:00.0,378.6099853515625
2023-11-28T14:30:00.0,382.70001220703125
2023-11-29T14:30:00.0,378.8500061035156
2023-11-30T14:30:00.0,378.9100036621094
2023-12-01T14:30:00.0,374.510009765625
2023-12-04T14:30:00.0,369.1400146484375
2023-12-05T14:30:00.0,372.5199890136719
2023-12-06T14:30:00.0,368.79998779296875
2023-12-07T14:30:00.0,370.95001220703125
2023-12-08T14:30:00.0,374.2300109863281
2023-12-11T14:30:00.0,371.29998779296875
2023-12-12T14:30:00.0,374.3800048828125
2023-12-13T14:30:00.0,374.3699951171875
2023-12-14T14:30:00.0,365.92999267578125
2023-12-15T14:30:00.0,370.7300109863281
2023-12-18T14:30:00.0,372.6499938964844
2023-12-19T14:30:00.0,373.260009765625
2023-12-20T14:30:00.0,370.6199951171875
2023-12-21T14:30:00.0,373.5400085449219
2023-12-22T14:30:00.0,374.5799865722656
2023-12-26T14:30:00.0,374.6600036621094
2023-12-27T14:30:00.0,374.07000732421875
2023-12-28T14:30:00.0,375.2799987792969
2023-12-29T14:30:00.0,376.0400085449219
2024-01-02T14:30:00.0,370.8699951171875
2024-01-03T14:30:00.0,370.6000061035156
2024-01-04T14:30:00.0,367.94000244140625
2024-01-05T14:30:00.0,367.75
2024-01-08T14:30:00.0,374.69000244140625
2024-01-09T14:30:00.0,375.7900085449219
2024-01-10T14:30:00.0,382.7699890136719
2024-01-11T14:30:00.0,384.6300048828125
2024-01-12T14:30:00.0,388.4700012207031
2024-01-16T14:30:00.0,390.2699890136719
2024-01-17T14:30:00.0,389.4700012207031
2024-01-18T14:30:00.0,393.8699951171875
2024-01-19T14:30:00.0,398.6700134277344
2024-01-22T14:30:00.0,396.510009765625
2024-01-23T14:30:00.0,398.8999938964844
2024-01-24T14:30:00.0,402.55999755859375
2024-01-25T14:30:00.0,404.8699951171875
2024-01-26T14:30:00.0,403.92999267578125
2024-01-29T14:30:00.0,409.7200012207031
2024-01-30T14:30:00.0,408.5899963378906
2024-01-31T14:30:00.0,397.5799865722656
2024-02-01T14:30:00.0,403.7799987792969
2024-02-02T14:30:00.0,411.2200012207031
2024-02-05T14:30:00.0,405.6499938964844
2024-02-06T14:30:00.0,405.489990234375
2024-02-07T14:30:00.0,414.04998779296875
2024-02-08T14:30:00.0,414.1099853515625
2024-02-09T14:30:00.0,420.54998779296875
2024-02-12T14:30:00.0,415.260009765625
2024-02-13T14:30:00.0,406.32000732421875
2024-02-14T14:30:00.0,409.489990234375
2024-02-15T14:30:00.0,406.55999755859375
2024-02-16T14:30:00.0,404.05999755859375
2024-02-20T14:30:00.0,402.7900085449219
2024-02-21T14:30:00.0,402.17999267578125
2024-02-22T14:30:00.0,411.6499938964844
2024-02-23T14:30:00.0,410.3399963378906
2024-02-26T14:30:00.0,407.5400085449219
2024-02-27T14:30:00.0,407.4800109863281
2024-02-28T14:30:00.0,407.7200012207031
2024-02-29T14:30:00.0,413.6400146484375
2024-03-01T14:30:00.0,415.5
2024-03-04T14:30:00.0,414.9200134277344
2024-03-05T14:30:00.0,402.6499938964844
2024-03-06T14:30:00.0,402.0899963378906
2024-03-07T14:30:00.0,409.1400146484375
2024-03-08T14:30:00.0,406.2200012207031
2024-03-11T13:30:00.0,404.5199890136719
2024-03-12T13:30:00.0,415.2799987792969
2024-03-13T13:30:00.0,415.1000061035156
2024-03-14T13:30:00.0,425.2200012207031
2024-03-15T13:30:00.0,416.4200134277344
2024-03-18T13:30:00.0,417.32000732421875
2024-03-19T13:30:00.0,421.4100036621094
2024-03-20T13:30:00.0,425.2300109863281
2024-03-21T13:30:00.0,429.3699951171875
2024-03-22T13:30:00.0,428.739990234375
2024-03-25T13:30:00.0,422.8599853515625
2024-03-26T13:30:00.0,421.6499938964844
2024-03-27T13:30:00.0,421.42999267578125
2024-03-28T13:30:00.0,420.7200012207031
2024-04-01T13:30:00.0,424.57000732421875
2024-04-02T13:30:00.0,421.44000244140625
2024-04-03T13:30:00.0,420.45001220703125
2024-04-04T13:30:00.0,417.8800048828125
2024-04-05T13:30:00.0,425.5199890136719
2024-04-08T13:30:00.0,424.5899963378906
2024-04-09T13:30:00.0,426.2799987792969
2024-04-10T13:30:00.0,423.260009765625
2024-04-11T13:30:00.0,427.92999267578125
2024-04-12T13:30:00.0,421.8999938964844
2024-04-15T13:30:00.0,413.6400146484375
2024-04-16T13:30:00.0,414.5799865722656
2024-04-17T13:30:00.0,411.8399963378906
2024-04-18T13:30:00.0,404.2699890136719
2024-04-19T13:30:00.0,399.1199951171875
2024-04-22T13:30:00.0,400.9599914550781
2024-04-23T13:30:00.0,407.57000732421875
2024-04-24T13:30:00.0,409.05999755859375
2024-04-25T13:30:00.0,399.0400085449219
2024-04-26T13:30:00.0,406.32000732421875
2024-04-29T13:30:00.0,402.25
2024-04-30T13:30:00.0,389.3299865722656
2024-05-01T13:30:00.0,394.94000244140625
2024-05-02T13:30:00.0,397.8399963378906
2024-05-03T13:30:00.0,406.6600036621094
2024-05-06T13:30:00.0,413.5400085449219
2024-05-07T13:30:00.0,409.3399963378906
2024-05-08T13:30:00.0,410.5400085449219
2024-05-09T13:30:00.0,412.32000732421875
2024-05-10T13:30:00.0,414.739990234375
2024-05-13T13:30:00.0,413.7200012207031
2024-05-14T13:30:00.0,416.55999755859375
2024-05-15T13:30:00.0,423.0799865722656
2024-05-16T13:30:00.0,420.989990234375
2024-05-17T13:30:00.0,420.2099914550781
2024-05-20T13:30:00.0,425.3399963378906
2024-05-21T13:30:00.0,429.0400085449219
2024-05-22T13:30:00.0,430.5199890136719
2024-05-23T13:30:00.0,427.0
2024-05-24T13:30:00.0,430.1600036621094
2024-05-28T13:30:00.0,430.32000732421875
2024-05-29T13:30:00.0,429.1700134277344
2024-05-30T13:30:00.0,414.6700134277344
2024-05-31T13:30:00.0,415.1300048828125
2024-06-03T13:30:00.0,413.5199890136719
2024-06-04T13:30:00.0,416.07000732421875
2024-06-05T13:30:00.0,424.010009765625
2024-06-06T13:30:00.0,424.5199890136719
2024-06-07T13:30:00.0,423.8500061035156
2024-06-10T13:30:00.0,427.8699951171875
2024-06-11T13:30:00.0,432.67999267578125
2024-06-12T13:30:00.0,441.05999755859375
2024-06-13T13:30:00.0,441.5799865722656
2024-06-14T13:30:00.0,442.57000732421875
2024-06-17T13:30:00.0,448.3699951171875
2024-06-18T13:30:00.0,446.3399963378906
2024-06-20T13:30:00.0,445.70001220703125
2024-06-21T13:30:00.0,449.7799987792969
2024-06-24T13:30:00.0,447.6700134277344
2024-06-25T13:30:00.0,450.95001220703125
2024-06-26T13:30:00.0,452.1600036621094
2024-06-27T13:30:00.0,452.8500061035156
2024-06-28T13:30:00.0,446.95001220703125
2024-07-01T13:30:00.0,456.7300109863281
2024-07-02T13:30:00.0,459.2799987792969
2024-07-03T13:30:00.0,460.7699890136719
2024-07-05T13:30:00.0,467.55999755859375
2024-07-08T13:30:00.0,466.239990234375
2024-07-09T13:30:00.0,459.5400085449219
2024-07-10T13:30:00.0,466.25
2024-07-11T13:30:00.0,454.70001220703125
2024-07-12T13:30:00.0,453.54998779296875
2024-07-15T13:30:00.0,453.9599914550781
2024-07-16T13:30:00.0,449.5199890136719
2024-07-17T13:30:00.0,443.5199890136719
2024-07-18T13:30:00.0,440.3699951171875
2024-07-19T13:30:00.0,437.1099853515625
2024-07-22T13:30:00.0,442.94000244140625
2024-07-23T13:30:00.0,444.8500061035156
2024-07-24T13:30:00.0,428.8999938964844
2024-07-25T13:30:00.0,418.3999938964844
2024-07-26T13:30:00.0,425.2699890136719
2024-07-29T13:30:00.0,426.7300109863281
2024-07-30T13:30:00.0,422.9200134277344
2024-07-31T13:30:00.0,418.3500061035156
2024-08-01T13:30:00.0,417.1099853515625
2024-08-02T13:30:00.0,408.489990234375
2024-08-05T13:30:00.0,395.1499938964844
2024-08-06T13:30:00.0,399.6099853515625
2024-08-07T13:30:00.0,398.42999267578125
2024-08-08T13:30:00.0,402.69000244140625
2024-08-09T13:30:00.0,406.0199890136719
2024-08-12T13:30:00.0,406.80999755859375
2024-08-13T13:30:00.0,414.010009765625
2024-08-14T13:30:00.0,416.8599853515625
2024-08-15T13:30:00.0,421.0299987792969
2024-08-16T13:30:00.0,418.4700012207031
2024-08-19T13:30:00.0,421.5299987792969
2024-08-20T13:30:00.0,424.79998779296875
2024-08-21T13:30:00.0,424.1400146484375
2024-08-22T13:30:00.0,415.54998779296875
2024-08-23T13:30:00.0,416.7900085449219
2024-08-26T13:30:00.0,413.489990234375
2024-08-27T13:30:00.0,413.8399963378906
2024-08-28T13:30:00.0,410.6000061035156
2024-08-29T13:30:00.0,413.1199951171875
2024-08-30T13:30:00.0,417.1400146484375
2024-09-03T13:30:00.0,409.44000244140625
2024-09-04T13:30:00.0,408.8999938964844
2024-09-05T13:30:00.0,408.3900146484375
2024-09-06T13:30:00.0,401.70001220703125
2024-09-09T13:30:00.0,405.7200012207031
2024-09-10T13:30:00.0,414.20001220703125
2024-09-11T13:30:00.0,423.0400085449219
2024-09-12T13:30:00.0,427.0
2024-09-13T13:30:00.0,430.5899963378906
2024-09-16T13:30:00.0,431.3399963378906
2024-09-17T13:30:00.0,435.1499938964844
2024-09-18T13:30:00.0,430.80999755859375
2024-09-19T13:30:00.0,438.69000244140625
2024-09-20T13:30:00.0,435.2699890136719
2024-09-23T13:30:00.0,433.510009765625
2024-09-24T13:30:00.0,429.1700134277344
2024-09-25T13:30:00.0,432.1099853515625
2024-09-26T13:30:00.0,431.30999755859375
2024-09-27T13:30:00.0,428.0199890136719
2024-09-30T13:30:00.0,430.29998779296875
2024-10-01T13:30:00.0,420.69000244140625
2024-10-02T13:30:00.0,417.1300048828125
2024-10-03T13:30:00.0,416.5400085449219
2024-10-04T13:30:00.0,416.05999755859375
2024-10-07T13:30:00.0,409.5400085449219
2024-10-08T13:30:00.0,414.7099914550781
2024-10-09T13:30:00.0,417.4599914550781
2024-10-10T13:30:00.0,415.8399963378906
2024-10-11T13:30:00.0,416.32000732421875
2024-10-14T13:30:00.0,419.1400146484375
2024-10-15T13:30:00.0,418.739990234375
2024-10-16T13:30:00.0,416.1199951171875
2024-10-17T13:30:00.0,416.7200012207031
2024-10-18T13:30:00.0,418.1600036621094
2024-10-21T13:30:00.0,418.7799987792969
2024-10-22T13:30:00.0,427.510009765625
2024-10-23T13:30:00.0,424.6000061035156
2024-10-24T13:30:00.0,424.7300109863281
2024-10-25T13:30:00.0,428.1499938964844
2024-10-28T13:30:00.0,426.5899963378906
2024-10-29T13:30:00.0,431.95001220703125
2024-10-30T13:30:00.0,432.5299987792969
2024-10-31T13:30:00.0,406.3500061035156
2024-11-01T13:30:00.0,410.3699951171875
2024-11-04T14:30:00.0,408.4599914550781
2024-11-05T14:30:00.0,411.4599914550781
2024-11-06T14:30:00.0,420.17999267578125
2024-11-07T14:30:00.0,425.42999267578125
2024-11-08T14:30:00.0,422.5400085449219
2024-11-11T14:30:00.0,418.010009765625
2024-11-12T14:30:00.0,423.0299987792969
2024-11-13T14:30:00.0,425.20001220703125
2024-11-14T14:30:00.0,426.8900146484375
2024-11-15T14:30:00.0,415.0
2024-11-18T14:30:00.0,415.760009765625
2024-11-19T14:30:00.0,417.7900085449219
2024-11-20T14:30:00.0,415.489990234375
2024-11-21T14:30:00.0,412.8699951171875
2024-11-22T14:30:00.0,417.0
2024-11-25T14:30:00.0,418.7900085449219
2024-11-26T14:30:00.0,427.989990234375
2024-11-27T14:30:00.0,422.989990234375
2024-11-29T14:30:00.0,423.4599914550781
2024-12-02T14:30:00.0,430.9800109863281
2024-12-03T14:30:00.0,431.20001220703125
2024-12-04T14:30:00.0,437.4200134277344
2024-12-05T14:30:00.0,442.6199951171875
2024-12-06T14:30:00.0,443.57000732421875
2024-12-09T14:30:00.0,446.0199890136719
2024-12-10T14:30:00.0,443.3299865722656
2024-12-11T14:30:00.0,448.989990234375
2024-12-12T14:30:00.0,449.55999755859375
2024-12-13T14:30:00.0,447.2699890136719
2024-12-16T14:30:00.0,451.5899963378906
2024-12-17T14:30:00.0,454.4599914550781
2024-12-18T14:30:00.0,437.3900146484375
2024-12-19T14:30:00.0,437.0299987792969
2024-12-20T14:30:00.0,436.6000061035156
2024-12-23T14:30:00.0,435.25
2024-12-24T14:30:00.0,439.3299865722656
2024-12-26T14:30:00.0,438.1099853515625
2024-12-27T14:30:00.0,430.5299987792969
2024-12-30T14:30:00.0,424.8299865722656
2024-12-31T14:30:00.0,421.5
2025-01-02T14:30:00.0,418.5799865722656
2025-01-03T14:30:00.0,423.3500061035156
2025-01-06T14:30:00.0,427.8500061035156
2025-01-07T14:30:00.0,422.3699951171875
2025-01-08T14:30:00.0,424.55999755859375
2025-01-10T14:30:00.0,418.95001220703125
2025-01-13T14:30:00.0,417.19000244140625
2025-01-14T14:30:00.0,415.6700134277344
2025-01-15T14:30:00.0,426.30999755859375
2025-01-16T14:30:00.0,424.5799865722656
2025-01-17T14:30:00.0,429.0299987792969
2025-01-21T14:30:00.0,428.5
2025-01-22T14:30:00.0,446.20001220703125
2025-01-23T14:30:00.0,446.7099914550781
2025-01-24T14:30:00.0,444.05999755859375
2025-01-27T14:30:00.0,434.55999755859375
2025-01-28T14:30:00.0,447.20001220703125
2025-01-29T14:30:00.0,442.3299865722656
2025-01-30T14:30:00.0,414.989990234375
2025-01-31T14:30:00.0,415.05999755859375
2025-02-03T14:30:00.0,410.9200134277344
2025-02-04T14:30:00.0,412.3699951171875
2025-02-05T14:30:00.0,413.2900085449219
2025-02-06T14:30:00.0,415.82000732421875
2025-02-07T14:30:00.0,409.75
2025-02-10T14:30:00.0,412.2200012207031
2025-02-11T14:30:00.0,411.44000244140625
2025-02-12T14:30:00.0,409.0400085449219
2025-02-13T14:30:00.0,410.5400085449219
2025-02-14T14:30:00.0,408.42999267578125
2025-02-18T14:30:00.0,409.6400146484375
2025-02-19T14:30:00.0,414.7699890136719
2025-02-20T14:30:00.0,416.1300048828125
2025-02-21T14:30:00.0,408.2099914550781
2025-02-24T14:30:00.0,404.0
2025-02-25T14:30:00.0,397.8999938964844
2025-02-26T14:30:00.0,399.7300109863281
2025-02-27T14:30:00.0,392.5299987792969
2025-02-28T14:30:00.0,396.989990234375
2025-03-03T14:30:00.0,388.489990234375
2025-03-04T14:30:00.0,388.6099853515625
2025-03-05T14:30:00.0,401.0199890136719
2025-03-06T14:30:00.0,396.8900146484375
2025-03-07T14:30:00.0,393.30999755859375
2025-03-10T13:30:00.0,380.1600036621094
2025-03-11T13:30:00.0,380.45001220703125
2025-03-12T13:30:00.0,383.2699890136719
2025-03-13T13:30:00.0,378.7699890136719
2025-03-14T13:30:00.0,388.55999755859375
2025-03-17T13:30:00.0,388.70001220703125
2025-03-18T13:30:00.0,383.5199890136719
2025-03-19T13:30:00.0,387.82000732421875
2025-03-20T13:30:00.0,386.8399963378906
2025-03-21T13:30:00.0,391.260009765625
2025-03-24T13:30:00.0,393.0799865722656
2025-03-25T13:30:00.0,395.1600036621094
2025-03-26T13:30:00.0,389.9700012207031
2025-03-27T13:30:00.0,390.5799865722656
2025-03-28T13:30:00.0,378.79998779296875
2025-03-31T13:30:00.0,375.3900146484375
2025-04-01T13:30:00.0,382.19000244140625
2025-04-02T13:30:00.0,382.1400146484375
2025-04-03T13:30:00.0,373.1099853515625
2025-04-04T13:30:00.0,359.8399963378906
2025-04-07T13:30:00.0,357.8599853515625
2025-04-08T13:30:00.0,354.55999755859375
2025-04-09T13:30:00.0,390.489990234375
2025-04-10T13:30:00.0,381.3500061035156
2025-04-11T13:30:00.0,388.45001220703125
2025-04-14T13:30:00.0,387.80999755859375
2025-04-15T13:30:00.0,385.7300109863281
2025-04-16T13:30:00.0,371.6099853515625
2025-04-17T13:30:00.0,367.7799987792969
2025-04-21T13:30:00.0,359.1199951171875
2025-04-22T13:30:00.0,366.82000732421875
2025-04-23T13:30:00.0,374.3900146484375
2025-04-24T13:30:00.0,387.29998779296875
2025-04-25T13:30:00.0,391.8500061035156
2025-04-28T13:30:00.0,391.1600036621094
2025-04-29T13:30:00.0,394.0400085449219
2025-04-30T13:30:00.0,395.260009765625
2025-05-01T13:30:00.0,425.3999938964844
2025-05-02T13:30:00.0,435.2799987792969
2025-05-05T13:30:00.0,436.1700134277344
2025-05-06T13:30:00.0,433.30999755859375
2025-05-07T13:30:00.0,433.3500061035156
2025-05-08T13:30:00.0,438.1700134277344
2025-05-09T13:30:00.0,438.7300109863281
2025-05-12T13:30:00.0,449.260009765625
2025-05-13T13:30:00.0,449.1400146484375
2025-05-14T13:30:00.0,452.94000244140625
2025-05-15T13:30:00.0,453.1300048828125
2025-05-16T13:30:00.0,454.2699890136719
2025-05-19T13:30:00.0,458.8699951171875
2025-05-20T13:30:00.0,458.1700134277344
2025-05-21T13:30:00.0,452.57000732421875
2025-05-22T13:30:00.0,454.8599853515625
2025-05-23T13:30:00.0,450.17999267578125
